"estado","persona_id","apoderado_ids","alumno_ids","rut","nombres","apellidos","email_actual","email_nuevo","auth_id","nota"
"OK","900233","1946","2008","17.501.923-5","CARLA","AEDO VALENZUELA","carla.aedo1923@almaia.cl","carla.aedo1923@almaia.cl","b80a5b03-0f21-4f35-a48e-9cbecb67e4df",""
"OK","900234","1869","1922","17.506.875-9","NICOLE NATALY","AHUMADA REYES","nicole.ahumada6875@almaia.cl","nicole.ahumada6875@almaia.cl","6423d25f-8d25-4602-8dcd-0fd7702c48bc",""
"OK","900455","1914","1920","27.830.517-1","MARJORIE","ALMEIDA VEGA","marjorie.almeida0517@almaia.cl","marjorie.almeida0517@almaia.cl","2a057142-097f-4b0d-a15c-34575972f286",""
"OK","900281","1922","1932","20.030.334-2","PAULA ALEJANDRA","ALVAREZ PICHIÑAN","paula.alvarez0334@almaia.cl","paula.alvarez0334@almaia.cl","ead4158a-ee44-47cd-9773-e828a155df5b",""
"OK","900252","1918","1926","18.375.751-2","DANITZA ANDREA","AMARO MIRANDA","danitza.amaro5751@almaia.cl","danitza.amaro5751@almaia.cl","1370609a-cf46-4d90-aa06-ea75f6352a64",""
"OK","900257","1909","1911","18.649.023-1","KATHERINE","AMARO PEÑALOZA","katherine.amaro9023@almaia.cl","katherine.amaro9023@almaia.cl","8e0dfea9-0f99-459d-b64f-71e0aa3b4284",""
"OK","900178","1937","1956 1965 1927","14.247.882-K","MARIA","ARAYA FIGUEROA","maria.araya7882@almaia.cl","maria.araya7882@almaia.cl","a8a7b838-8be7-4e3a-b5b2-640cf6538236",""
"OK","900210","1912","1949 1917","16.253.217-0","KATHERINE JOHANA","ARENAS PALMA","katherine.arenas3217@almaia.cl","katherine.arenas3217@almaia.cl","45fb7541-eb29-441b-8171-6c9c33e0d83e",""
"OK","900193","1920","1930","15.739.046-5","GISELA DE LOS ANGELES","BARRA HEVIA","gisela.barra9046@almaia.cl","gisela.barra9046@almaia.cl","932f6e66-4bcb-41eb-afbf-85572ac6589d",""
"OK","900264","1930","1947","18.922.125-8","SARA","BARRIA MALDONADO","sara.barria2125@almaia.cl","sara.barria2125@almaia.cl","73d8fb2f-663b-490f-a078-cf5c9fb0517d",""
"OK","900142","1980","2015","10.718.078-8","ERNESTINA","BOZO","ernestina.bozo8078@almaia.cl","ernestina.bozo8078@almaia.cl","0333f06a-75cd-4452-9a3d-e823a0abbb02",""
"OK","900219","1907","1909","16.879.765-6","NICOLE ANDREA","BUSTOS PEÑALOZA","nicole.bustos9765@almaia.cl","nicole.bustos9765@almaia.cl","8b3084a6-f62c-47bb-b236-9173ca8dea26",""
"OK","900256","1854","1936","18.648.422-3","JAEL MAITE","CABELLO PEREDA","jael.cabello8422@almaia.cl","jael.cabello8422@almaia.cl","2d2e3f42-b5d7-419a-a6c4-92859e8f764d",""
"OK","900187","1973","2005","15.119.037-5","LUIS HUMBERTO","CALQUIN MATURANA","luis.calquin9037@almaia.cl","luis.calquin9037@almaia.cl","f0d16b82-e8a7-4d16-8702-e6f1d63e7813",""
"OK","900275","1908","1910","19.834.200-9","WANDA ANGELICA","CAMUS MONTECINOS","wanda.camus4200@almaia.cl","wanda.camus4200@almaia.cl","aa97a86d-1255-4065-9753-4882e31a63c8",""
"OK","900181","1875","1966","14.475.011-K","MAGALY","CANIUMAN","magaly.caniuman5011@almaia.cl","magaly.caniuman5011@almaia.cl","c436f5fe-649d-433a-ad71-573191396808",""
"OK","900170","1981","2016","13.812.252-2","CARMEN GLORIA","CLAVERIA JARA","carmen.claveria2252@almaia.cl","carmen.claveria2252@almaia.cl","1d2056a8-4c03-48dc-ade2-f1183fcca957",""
"OK","900160","1938","1957","13.119.612-8","ANA MARÍA","COFRE COFRE","ana.cofre9612@almaia.cl","ana.cofre9612@almaia.cl","37f0d09e-2743-42db-aead-73903dd1d412","RUT con verificador incorrecto (13.119.612-8; debería terminar en -1): correo provisional, pedir RUT correcto"
"OK","900173","1867","1907","14.034.064-2","RAMÓN FROILAN","COLICOY CHEUQUE","ramon.colicoy4064@almaia.cl","ramon.colicoy4064@almaia.cl","39df2e4d-590f-4661-826d-e0a47eaf905c",""
"OK","900199","1945","1964","15.822.280-1","KEYTT","CONTRERAS LOPEZ","keytt.contreras2280@almaia.cl","keytt.contreras2280@almaia.cl","fed7fa44-f74c-4ff3-ac9e-579b9805aa47","RUT con verificador incorrecto (15.822.280-1; debería terminar en -9): correo provisional, pedir RUT correcto"
"OK","900243","1936","1955","18.039.140-1","YURI","CORDOVA ORELLANA","yuri.cordova9140@almaia.cl","yuri.cordova9140@almaia.cl","f75ca53c-1c02-4e1d-a3dc-834b76aac6a9",""
"OK","900265","1972","2004","19.019.153-2","MAYRA DENISE","DIAZ CORREA","mayra.diaz9153@almaia.cl","mayra.diaz9153@almaia.cl","12b5f280-2805-4c91-b4de-b72768c71461",""
"OK","900258","1840","1929","18.649.854-2","CAMILA FERNANDA","DONOSO SALINAS","camila.donoso9854@almaia.cl","camila.donoso9854@almaia.cl","5d6c09ea-8ac5-40b4-8761-6c95c651807d",""
"OK","900473","1985","1914","99991-K","CAMILA","DONOSO SALINAS","camila.donoso9991@almaia.cl","camila.donoso9991@almaia.cl","0c7523e5-07d4-45d6-ad98-cc75f3c709ff",""
"OK","900169","1876","1967","13.777.616-2","VIRGINIA","DURAN ROJAS","virginia.duran7616@almaia.cl","virginia.duran7616@almaia.cl","4a5f5757-9e9f-45f8-99e3-526595f7a6b8",""
"OK","900196","1915","1923","15.755.879-K","CYNTHIA","ESCOBAR FARIAS","cynthia.escobar5879@almaia.cl","cynthia.escobar5879@almaia.cl","f857ffa6-063e-47e2-b575-630384b5f651",""
"OK","900244","1978","2011","18.039.283-1","BARBARA","FARIAS VILO","barbara.farias9283@almaia.cl","barbara.farias9283@almaia.cl","3829265e-cb6a-4617-877c-774a79ec6121",""
"OK","900201","1874","1951","15.965.827-9","SONIA FRANCISCA","GARCIA RODRIGUEZ","sonia.garcia5827@almaia.cl","sonia.garcia5827@almaia.cl","441c2139-6f31-47e5-851b-4adc7c8b7a60",""
"OK","900171","1872","1938","13.944.367-0","UBERLINDA","GONZALEZ DUQUE","uberlinda.gonzalez4367@almaia.cl","uberlinda.gonzalez4367@almaia.cl","e9ff2b17-4983-4df5-81c3-9595bc64c7d8","RUT con verificador incorrecto (13.944.367-0; debería terminar en -5): correo provisional, pedir RUT correcto"
"OK","900268","1975","2007","19.021.576-8","ERIKA ALEJANDRA","GONZALEZ ORELLANA","erika.gonzalez1576@almaia.cl","erika.gonzalez1576@almaia.cl","a519514b-2c0f-4942-8943-287052f4a3ca",""
"OK","900189","1873","1943","15.227.669-9","CARMEN GLORIA","HUENTECOL DIAZ","carmen.huentecol7669@almaia.cl","carmen.huentecol7669@almaia.cl","58a5195f-639e-44e2-8402-e0c9c8a47bb8",""
"OK","900204","1921","1931","15.992.502-1","ANDREA MACARENA","ITURRA ITURRA","andrea.iturra2502@almaia.cl","andrea.iturra2502@almaia.cl","491fda9e-fe95-42ec-829f-aa6a312e0737",""
"OK","900164","1933","1952","13.502.979-3","ALEX ANDRES","JARA BRAVO","alex.jara2979@almaia.cl","alex.jara2979@almaia.cl","92c9b75f-b725-4fbc-b2a1-5658178a67c2",""
"OK","900475","1987","1916","99993-K","BERNARDITA","JORQUERA ORELLANA","bernardita.jorquera9993@almaia.cl","bernardita.jorquera9993@almaia.cl","cd545bc0-6ad3-40f5-8af7-69ff54402313",""
"OK","900240","1943","1962","17.708.685-1","PAULINA","LAMBRECHT ALVAREZ","paulina.lambrecht8685@almaia.cl","paulina.lambrecht8685@almaia.cl","3b5e9cce-3315-45d0-9d5b-45808c80632e",""
"OK","900154","1939","1958","12.395.844-6","MAÍRA","LARA SILVA","maira.lara5844@almaia.cl","maira.lara5844@almaia.cl","c3070dbf-086c-4027-a86e-9f2c659cd3b4",""
"OK","900190","1942","1961","15.246.401-0","SIRLE ANGELIN","LIZANA SEPULVEDA","sirle.lizana6401@almaia.cl","sirle.lizana6401@almaia.cl","d40639ad-1cfb-4093-8f14-041f841be0f0",""
"OK","900176","1917","1925","14.199.811-0","CARMEN GLORIA","LORCA CORNEJO","carmen.lorca9811@almaia.cl","carmen.lorca9811@almaia.cl","b7504f86-1902-47c9-be8a-207e24033513",""
"OK","900183","1983","2018","14.672.378-0","CARMEN SOLEDAD","MACEDO SANDOVAL","carmen.macedo2378@almaia.cl","carmen.macedo2378@almaia.cl","5301a490-3353-4434-86d6-948cf0824c06",""
"OK","900467","1970","2001","47.193.099-9","ALIXA SOFIA","MALDONADO BARBERA","alixa.maldonado3099@almaia.cl","alixa.maldonado3099@almaia.cl","096a8a73-1175-4e90-8ea6-9182183c87e6","RUT con verificador incorrecto (47.193.099-9; debería terminar en -7): correo provisional, pedir RUT correcto"
"OK","900250","1851","1944","18.199.213-1","SONIA INES","MARINAO PEZOA","sonia.marinao9213@almaia.cl","sonia.marinao9213@almaia.cl","7872b41c-fe8d-465c-ae7d-6e5084cbfb05",""
"OK","900399","1879","1970","26.014.882-6","DANNY GABRIELLE","MATEUS MORALES","danny.mateus4882@almaia.cl","danny.mateus4882@almaia.cl","474853d1-acdb-4ddc-95e8-6a8ecf4acf80",""
"OK","900427","1910","1912","26.984.143-5","JESULENE","MELOUIS","jesulene.melouis4143@almaia.cl","jesulene.melouis4143@almaia.cl","dae2bbc6-4a6a-4bdd-bc24-a6d48d63069d",""
"OK","900238","1984","2020","17.522.809-8","GLADYS CARMEN","MOLINA MORIS","gladys.molina2809@almaia.cl","gladys.molina2809@almaia.cl","25c6e9cd-ecc8-4b35-9909-c6107e51cada",""
"OK","900167","1868","1921","13.717.690-4","JENNY ARELIS","MORAN SOTO","jenny.moran7690@almaia.cl","jenny.moran7690@almaia.cl","ab8929a9-7cd8-4b11-80aa-a71cf3349ee4",""
"OK","900166","1911","1913","13.679.222-9","NANCY CAROLINA","MOYA MALLEA","nancy.moya9222@almaia.cl","nancy.moya9222@almaia.cl","e4dfe4c4-57f0-4b85-966f-66837a4d4978",""
"OK","900161","1928","1945","13.301.677-5","CRISTINA ANDREA","ORELLANA CAMPOS","cristina.orellana1677@almaia.cl","cristina.orellana1677@almaia.cl","9314e7b8-4ee4-461d-89de-ea4c9188da12",""
"OK","900156","1944","1963","12.691.631-0","MARIA ANDREA","ORTEGA RIVERA","maria.ortega1631@almaia.cl","maria.ortega1631@almaia.cl","f0f13ce2-0829-4510-8e6c-1f07dba72d7c",""
"OK","900254","1929","1946","18.379.119-2","ARACELY ISABEL","PAREDES GONZALEZ","aracely.paredes9119@almaia.cl","aracely.paredes9119@almaia.cl","7c31e508-3f30-429d-8892-2c67a7515e0e",""
"OK","900162","1916","1924","13.344.518-8","GERALDINE","PAVEZ RODRIGUEZ","geraldine.pavez4518@almaia.cl","geraldine.pavez4518@almaia.cl","c306fff7-85e2-4126-8d45-096d93e06690",""
"OK","900266","1889","2003","19.019.365-9","JOSELYN ANDEA","PEÑALOZA SOTO","joselyn.penaloza9365@almaia.cl","joselyn.penaloza9365@almaia.cl","bccd47f3-db62-40a3-a252-6d0e3f7470dc",""
"OK","900230","1877","1968","17.273.416-2","GABRIELA ALEJANDRA","PEREZ AYALA","gabriela.perez3416@almaia.cl","gabriela.perez3416@almaia.cl","dbde299e-b5e7-462f-b15f-396c0e5c0dc9",""
"OK","900239","1927","1942","17.526.775-1","CAMILA IGNACIA","PEREZ CANCINO","camila.perez6775@almaia.cl","camila.perez6775@almaia.cl","d5e4ad9a-5494-4f8d-aef2-8b7a39367170",""
"OK","900188","1863","1919","15.125.246-K","SEBASTIAN","PEREZ UBILLA","sebastian.perez5246@almaia.cl","sebastian.perez5246@almaia.cl","4661c042-dbb6-4713-8c38-a11a1d37a790",""
"OK","900159","1913","1918","13.117.381-4","BARBARA","PINO RUIZ","barbara.pino7381@almaia.cl","barbara.pino7381@almaia.cl","9a1e1815-98d5-4c7b-b5b3-2d862eb06077",""
"OK","900206","1878","1969","15.993.806-9","MACARENA","PINTO BELTRAN","macarena.pinto3806@almaia.cl","macarena.pinto3806@almaia.cl","6932a5a0-0bd8-4595-8e16-85170d183a4e",""
"OK","900212","1974","2006","16.405.523-K","JOHANA DE LAS MERCEDES","PINTO OÑATE","johana.pinto5523@almaia.cl","johana.pinto5523@almaia.cl","f278b08a-714a-419d-8f99-126f17a9a25c",""
"OK","900202","1971","2002","15.991.992-7","NANCY MACARENA","PONCE VILLARROEL","nancy.ponce1992@almaia.cl","nancy.ponce1992@almaia.cl","2038bf9c-e445-4b57-8a6c-61437ce9c925",""
"OK","900205","1982","2017","15.993.035-1","GISSELLE ALEJANDRA","RAMIREZ GARCES","gisselle.ramirez3035@almaia.cl","gisselle.ramirez3035@almaia.cl","51fd52d4-3c36-49c4-b882-d3b4f1efd682",""
"OK","900282","1888","1904","20.077.160-5","FRANCISCA","RETAMAL PÉREZ","francisca.retamal7160@almaia.cl","francisca.retamal7160@almaia.cl","00f41a84-7ff7-4574-9b3f-afede9a89996",""
"OK","900235","1865","1903","17.520.473-3","NATALIA ANDREA","REYES PÉREZ","natalia.reyes0473@almaia.cl","natalia.reyes0473@almaia.cl","8c763024-e467-49cd-81c5-071accb602a5",""
"OK","900279","1919","1928","20.028.386-4","CONSTANZA ANDREA","RIQUELME VIERA","constanza.riquelme8386@almaia.cl","constanza.riquelme8386@almaia.cl","68d91950-bf91-491b-afc5-9a1e453cea68",""
"OK","900182","1906","1908","14.552.127-0","ALICIA DEL CARMEN","RIVAS ROJAS","alicia.rivas2127@almaia.cl","alicia.rivas2127@almaia.cl","14be4a4b-0b5f-4d43-a542-7d5620db1e12",""
"OK","900245","1979","2014","18.039.619-2","ANA PAULA","RIVERA MIRANDA","ana.rivera9619@almaia.cl","ana.rivera9619@almaia.cl","5692f22a-2a09-46ac-b806-b756bffd31fe","RUT con verificador incorrecto (18.039.619-2; debería terminar en -5): correo provisional, pedir RUT correcto"
"OK","900259","1941","1960","18.754.01-9","ROSARIO N","ROMERO ROMERO","rosario.romero5401@almaia.cl","rosario.romero5401@almaia.cl","559d977a-8256-419b-ba22-b27af30fa98b","RUT con verificador incorrecto (18.754.01-9; debería terminar en -0): correo provisional, pedir RUT correcto"
"OK","900214","1842","2019","16.416.876-K","SANDRA","SALGADO LEIVA","sandra.salgado6876@almaia.cl","sandra.salgado6876@almaia.cl","ec94a058-fb54-43a0-8da6-10403f778b62",""
"OK","900168","1931","1948","13.720.583-0","DANIELA DE JESÚS","SANCHEZ AHUMADA","daniela.sanchez0583@almaia.cl","daniela.sanchez0583@almaia.cl","6a52e383-8aef-4f8a-b240-83ee948c7ec2","RUT con verificador incorrecto (13.720.583-0; debería terminar en -1): correo provisional, pedir RUT correcto"
"OK","900261","1924","1934","18.833.900-K","PABLA FRANSICA","SANCHEZ PADILLA","pabla.sanchez3900@almaia.cl","pabla.sanchez3900@almaia.cl","2888b135-03ad-4772-9e03-eb8481960c61",""
"OK","900260","1935","1954","18.833.400-K","PABLA","SANCHEZ PADILLA","pabla.sanchez3400@almaia.cl","pabla.sanchez3400@almaia.cl","c395c819-5410-45db-8f0a-58c1b88a2c10","RUT con verificador incorrecto (18.833.400-K; debería terminar en -8): correo provisional, pedir RUT correcto"
"OK","900231","1923","1933","17.378.113-K","JAVIER","SANTIBAÑEZ HENRIQUEZ","javier.santibanez8113@almaia.cl","javier.santibanez8113@almaia.cl","1c012c18-e736-4add-91f4-93a77e38ff7c",""
"OK","900476","1988","2009","99994-K","MARICELA","SANTIBÁÑEZ HENRÍQUEZ","maricela.santibanez9994@almaia.cl","maricela.santibanez9994@almaia.cl","36e1b99d-1465-4bb8-8b68-1e45ee40e878",""
"OK","900263","1871","1937","18.882.522.-2","DANIELA ANDREA","TORRES FIGUEROA","daniela.torres2522@almaia.cl","daniela.torres2522@almaia.cl","2f0d88be-b1d4-444f-b31c-ca1a692655de",""
"OK","900248","1926","1941","18.044.162-K","JOSELYN ANDREA","TRUJILLO OLGUIN","joselyn.trujillo4162@almaia.cl","joselyn.trujillo4162@almaia.cl","15cf6525-2789-47cc-a2e5-cf714893cb62",""
"OK","900236","1977","2010","17.521.046-6","MARIA JOSE","UGALDE MORALES","maria.ugalde1046@almaia.cl","maria.ugalde1046@almaia.cl","7cf84501-20b7-44da-959b-f7c7f540432e",""
"OK","900194","1925","1939","15.755.604-5","GLORIA ELENA","VALLEJOS JAQUE","gloria.vallejos5604@almaia.cl","gloria.vallejos5604@almaia.cl","d0835dd8-6807-4f3d-848a-1b51285cc2c9",""
"OK","900197","1934","1953","15.806.492-8","DANIELA","VEAS PICHUN","daniela.veas6492@almaia.cl","daniela.veas6492@almaia.cl","d368e69a-37a0-4e49-a9db-7e2195193891",""
"OK","900470","1932","2012","8.257.099-3","GEORGINA","VELIZ DIAZ","georgina.veliz7099@almaia.cl","georgina.veliz7099@almaia.cl","5bbec3b7-57ae-4fe5-a749-2190bf1b4dfd",""
"OK","900253","1940","1959","18.377.741-6","CINDY JULIETTE","VENEGAS FLORES","cindy.venegas7741@almaia.cl","cindy.venegas7741@almaia.cl","1ff592b3-3d6b-49d1-b929-c1aebf14b749",""
"OK","900474","1986","1915","99992-K","JACQUELINE TAMRA","VERA AGUILERA","jacqueline.vera9992@almaia.cl","jacqueline.vera9992@almaia.cl","b75323b5-e980-4c39-a6b7-4d4297b43b59",""
"OK","900192","1866","1906","15.738.294-2","MARÍA CELMIRA","VILLACURA CARREÑO","maria.villacura8294@almaia.cl","maria.villacura8294@almaia.cl","4d2a745d-f4a7-4461-938d-7b6487921d37",""
"OK","900249","1870","1935","18.044.715-6","SOLEDAD DEL CARMEN","VILLACURA CARREÑO","soledad.villacura4715@almaia.cl","soledad.villacura4715@almaia.cl","cb0d7f5f-023c-4ff8-9ee9-2561d8efdd6a",""
"OK","900195","1905","1940 1905","15.755.789-0","MARIA FERNANDA","ZAPATA MIRANDA","maria.zapata5789@almaia.cl","maria.zapata5789@almaia.cl","e5d1dad5-9251-40ff-84a7-74d33a038112",""