alumno_id,estado,nombres,apellidos,rut,esperado,email_alumnos,email_usuarios,email_auth,avisos
"1903","OK","ISIDORA AMARAL","CERDA REYES","25.034.100-8","isidora.cerda4100@almaia.cl","isidora.cerda4100@almaia.cl","isidora.cerda4100@almaia.cl","isidora.cerda4100@almaia.cl",""
"1904","OK","THAIS ANTONELLA","TAPIA RETAMAL","25.237.876-6","thais.tapia7876@almaia.cl","thais.tapia7876@almaia.cl","thais.tapia7876@almaia.cl","thais.tapia7876@almaia.cl",""
"1905","CAMBIAR","BENJAMÍN FERNANDO","FUENTES ZAPATA","24.953.734-9","benjamin.fuentes3734@almaia.cl","benjamn.fuentes3734@almaia.cl","benjamn.fuentes3734@almaia.cl","benjamn.fuentes3734@almaia.cl",""
"1906","CAMBIAR","MARÍA JOSÉ","FIGUEROA VILLACURA","24.966.519-3","maria.figueroa6519@almaia.cl","mara.figueroa6519@almaia.cl","maría.figueroa6519@almaia.cl","mariajosefigueroavillacura98@gmail.com",""
"1907","OK","DAMARITH ANTONELLA","COLICOY SÁNCHEZ","24.975.520-6","damarith.colicoy5520@almaia.cl","damarith.colicoy5520@almaia.cl","damarith.colicoy5520@almaia.cl","damarith.colicoy5520@almaia.cl",""
"1908","OK","BAYRON ALFREDO","MORENO RIVAS","24.997.097-2","bayron.moreno7097@almaia.cl","bayron.moreno7097@almaia.cl","bayron.moreno7097@almaia.cl","bayron.moreno7097@almaia.cl",""
"1909","CAMBIAR","FLORENCIA IGNACIA","SÁNCHEZ BUSTOS","25.113.197-K","florencia.sanchez3197@almaia.cl","florencia.snchez3197@almaia.cl","florencia.snchez3197@almaia.cl","florencia.snchez3197@almaia.cl",""
"1910","OK","EMILIA IGNACIA","LAGOS CAMUS","25.239.502-4","emilia.lagos9502@almaia.cl","emilia.lagos9502@almaia.cl","emilia.lagos9502@almaia.cl","emilia.lagos9502@almaia.cl",""
"1911","CAMBIAR","SEBASTIÁN ALONSO","MIRANDA AMARO","25.322.004-K","sebastian.miranda2004@almaia.cl","sebastin.miranda2004@almaia.cl","sebastin.miranda2004@almaia.cl","sebastin.miranda2004@almaia.cl",""
"1912","OK","BERLANCHECA","CHARLES","28.902.263-5","berlancheca.charles2263@almaia.cl","berlancheca.charles2263@almaia.cl","berlancheca.charles2263@almaia.cl","berlancheca.charles2263@almaia.cl",""
"1913","CAMBIAR","SOFÍA PASCALLE","MUÑOZ MOYA","24.691.179-7","sofia.munoz1179@almaia.cl","sofa.muoz1179@almaia.cl","sofa.muoz1179@almaia.cl","sofa.muoz1179@almaia.cl",""
"1914","OK","MARTINA IGNACIA","BARAHONA DONOSO","24.899.038-4","martina.barahona9038@almaia.cl","martina.barahona9038@almaia.cl","martina.barahona9038@almaia.cl","martina.barahona9038@almaia.cl",""
"1915","OK","MATEO JORDAN AUGUSTO","ALDECUA VERA","100.598.234-7","mateo.aldecua8234@almaia.cl","mateo.aldecua8234@almaia.cl","mateo.aldecua8234@almaia.cl","mateo.aldecua8234@almaia.cl",""
"1916","OK","MELANIE ALEXANDRA","FIGUEROA JORQUERA","24.677.162-6","melanie.figueroa7162@almaia.cl","melanie.figueroa7162@almaia.cl","melanie.figueroa7162@almaia.cl","melanie.figueroa7162@almaia.cl",""
"1917","OK","DELIA MARISOL","VIDAL ARENAS","24.923.707-8","delia.vidal3707@almaia.cl","delia.vidal3707@almaia.cl","delia.vidal3707@almaia.cl","delia.vidal3707@almaia.cl",""
"1918","CAMBIAR","BÁRBARA PATRICIA","CÉSPEDES PINO","24.454.712-5","barbara.cespedes4712@almaia.cl","brbara.cspedes4712@almaia.cl","brbara.cspedes4712@almaia.cl","brbara.cspedes4712@almaia.cl",""
"1919","CAMBIAR","JUAN PABLO","PÉREZ DÍAZ","24.869.138-7","juan.perez9138@almaia.cl","juan.prez9138@almaia.cl","juan.prez9138@almaia.cl","juan.prez9138@almaia.cl",""
"1920","OK","CAMILO SANTIAGO","RODRIGUEZ ALMEIDA","27.371.255-0","camilo.rodriguez1255@almaia.cl","camilo.rodriguez1255@almaia.cl","camilo.rodriguez1255@almaia.cl","camilo.rodriguez1255@almaia.cl",""
"1921","CAMBIAR","ÁLVARO BASTIÁN","PINO MORÁN","24.646.922-9","alvaro.pino6922@almaia.cl","lvaro.pino6922@almaia.cl","lvaro.pino6922@almaia.cl","lvaro.pino6922@almaia.cl",""
"1922","CAMBIAR","JOSÉ DAVID","RAMÍREZ AHUMADA","24.739.172-K","jose.ramirez9172@almaia.cl","jos.ramrez9172@almaia.cl","jos.ramrez9172@almaia.cl","jos.ramrez9172@almaia.cl",""
"1923","OK","KYRIAN ANDRÉS","SANZANA ESCOBAR","24.770.901-0","kyrian.sanzana0901@almaia.cl","kyrian.sanzana0901@almaia.cl","kyrian.sanzana0901@almaia.cl","kyrian.sanzana0901@almaia.cl",""
"1924","OK","DAVID ARTURO","MARDONES PAVEZ","24.804.983-9","david.mardones4983@almaia.cl","david.mardones4983@almaia.cl","david.mardones4983@almaia.cl","david.mardones4983@almaia.cl",""
"1925","CAMBIAR","CAROLINA ANDREA","OLGUÍN LORCA","24.814.983-3","carolina.olguin4983@almaia.cl","carolina.olgun4983@almaia.cl","carolina.olgun4983@almaia.cl","carolina.olgun4983@almaia.cl",""
"1926","OK","AMARAL IGNACIA","BUSTOS AMARO","24.833.079-1","amaral.bustos3079@almaia.cl","amaral.bustos3079@almaia.cl","amaral.bustos3079@almaia.cl","amaral.bustos3079@almaia.cl",""
"1927","OK","MAXIMILIANO ISAAC","BRIONES ARAYA","24.877.484-3","maximiliano.briones7484@almaia.cl","maximiliano.briones7484@almaia.cl","maximiliano.briones7484@almaia.cl","maximiliano.briones7484@almaia.cl",""
"1928","OK","NICOLE MILLARAY","CARRASCO RIQUELME","24.931.275-4","nicole.carrasco1275@almaia.cl","nicole.carrasco1275@almaia.cl","nicole.carrasco1275@almaia.cl","nicole.carrasco1275@almaia.cl",""
"1929","OK","ALLYSONE CAMILA CONSTANZA","BARAHONA DONOSO","23.957.314-2","allysone.barahona7314@almaia.cl","allysone.barahona7314@almaia.cl","allysone.barahona7314@almaia.cl","allysone.barahona7314@almaia.cl",""
"1930","CAMBIAR","JOAQUÍN ELÍU","FUENTES BARRA","24.229.681-8","joaquin.fuentes9681@almaia.cl","joaqun.fuentes9681@almaia.cl","joaqun.fuentes9681@almaia.cl","joaqun.fuentes9681@almaia.cl",""
"1931","CAMBIAR","CRISTÓBAL ELÍAS","URBINA ITURRA","24.374.432-6","cristobal.urbina4432@almaia.cl","cristbal.urbina4432@almaia.cl","cristbal.urbina4432@almaia.cl","cristbal.urbina4432@almaia.cl",""
"1932","CAMBIAR","ESTEBAN IGNACIO","ÁLVAREZ ÁLVAREZ","24.464.132-6","esteban.alvarez4132@almaia.cl","esteban.lvarez4132@almaia.cl","esteban.lvarez4132@almaia.cl","esteban.lvarez4132@almaia.cl",""
"1933","CAMBIAR","SAMANTA THAIS","SANTIBÁÑEZ VALENZUELA","24.517.112-9","samanta.santibanez7112@almaia.cl","samanta.santibez7112@almaia.cl","samanta.santibez7112@almaia.cl","samanta.santibez7112@almaia.cl",""
"1934","CAMBIAR","RODRIGO IGNACIO","MARTÍNEZ SÁNCHEZ","24.336.110-9","rodrigo.martinez6110@almaia.cl","rodrigo.martnez6110@almaia.cl","rodrigo.martnez6110@almaia.cl","rodrigo.martnez6110@almaia.cl",""
"1935","CAMBIAR","JORDÁN ESAI","JARA VILLACURA","24.238.539-K","jordan.jara8539@almaia.cl","jordn.jara8539@almaia.cl","jordn.jara8539@almaia.cl","jordn.jara8539@almaia.cl",""
"1936","OK","MAITE AGUSTINA","CANO CABELLO","24.354.600-1","maite.cano4600@almaia.cl","maite.cano4600@almaia.cl","maite.cano4600@almaia.cl","maite.cano4600@almaia.cl",""
"1937","OK","JUAN NICOLÁS MATÍAS","ORELLANA TORRES","23.932.692-7","juan.orellana2692@almaia.cl","juan.orellana2692@almaia.cl","juan.orellana2692@almaia.cl","juan.orellana2692@almaia.cl",""
"1938","CAMBIAR","JOSÉ TOMÁS","NEIRA GONZÁLEZ","24.280.467-8","jose.neira0467@almaia.cl","jos.neira0467@almaia.cl","jos.neira0467@almaia.cl","jos.neira0467@almaia.cl",""
"1939","CAMBIAR","JOSE-EMILIO GERARDO","GUZMÁN VALLEJOS","24.289.159-7","joseemilio.guzman9159@almaia.cl","joseemilio.guzmn9159@almaia.cl","joseemilio.guzmn9159@almaia.cl","joseemilio.guzmn9159@almaia.cl","nombre con guion"
"1940","OK","DANIEL ESTEFANO","FUENTES ZAPATA","24.375.460-7","daniel.fuentes5460@almaia.cl","daniel.fuentes5460@almaia.cl","daniel.fuentes5460@almaia.cl","daniel.fuentes5460@almaia.cl",""
"1941","OK","FELIPE ANDRÉS","ILLANES TRUJILLO","24.537.232-9","felipe.illanes7232@almaia.cl","felipe.illanes7232@almaia.cl","felipe.illanes7232@almaia.cl","felipe.illanes7232@almaia.cl",""
"1942","OK","EMILIANO ANDRÉS","FUENTES PÉREZ","24.549.152-2","emiliano.fuentes9152@almaia.cl","emiliano.fuentes9152@almaia.cl","emiliano.fuentes9152@almaia.cl","emiliano.fuentes9152@almaia.cl",""
"1943","CAMBIAR","RODRIGO EDUARDO","GONZÁLEZ HUENTECOL","24.555.735-3","rodrigo.gonzalez5735@almaia.cl","rodrigo.gonzlez5735@almaia.cl","rodrigo.gonzlez5735@almaia.cl","rodrigo.gonzlez5735@almaia.cl",""
"1944","CAMBIAR","NICOLÁS ZHARED","PEZOA MARINAO","24.574.326-2","nicolas.pezoa4326@almaia.cl","nicols.pezoa4326@almaia.cl","nicols.pezoa4326@almaia.cl","nicols.pezoa4326@almaia.cl",""
"1945","OK","ANTONIA ANDREA","CEA ORELLANA","24.617.305-2","antonia.cea7305@almaia.cl","antonia.cea7305@almaia.cl","antonia.cea7305@almaia.cl","antonia.cea7305@almaia.cl",""
"1946","OK","ALONSO AGUSTÍN","GODOY PAREDES","24.624.546-0","alonso.godoy4546@almaia.cl","alonso.godoy4546@almaia.cl","alonso.godoy4546@almaia.cl","alonso.godoy4546@almaia.cl",""
"1947","CAMBIAR","DAMIÁN ANDRÉS","MACHUCA BARRÍA","24.352.941-7","damian.machuca2941@almaia.cl","damin.machuca2941@almaia.cl","damin.machuca2941@almaia.cl","damin.machuca2941@almaia.cl",""
"1948","OK","FLORENCIA DANIELA","CAMPOS SÁNCHEZ","24.428.880-4","florencia.campos8880@almaia.cl","florencia.campos8880@almaia.cl","florencia.campos8880@almaia.cl","florencia.campos8880@almaia.cl",""
"1949","CAMBIAR","MATÍAS ANTONIO","VIDAL ARENAS","23935111-5","matias.vidal5111@almaia.cl","matas.vidal5111@almaia.cl","matas.vidal5111@almaia.cl","matas.vidal5111@almaia.cl",""
"1951","OK","THOMAS IGNACIO","PAREDES GARCÍA","24165106-1","thomas.paredes5106@almaia.cl","thomas.paredes5106@almaia.cl","thomas.paredes5106@almaia.cl","thomas.paredes5106@almaia.cl",""
"1952","EXCLUIDO","AGUSTÍN ALEXIS","JARA VIDAL","24169352-K","agustin.jara9352@almaia.cl","agustn.jara9352@almaia.cl","agustn.jara9352@almaia.cl","alexjaraconbstruccion@gmail.com",""
"1953","CAMBIAR","SIMÓN PABLO","VEAS VEAS","24242247-3","simon.veas2247@almaia.cl","simn.veas2247@almaia.cl","simn.veas2247@almaia.cl","simn.veas2247@almaia.cl",""
"1954","CAMBIAR","BELÉN SUGEY","UBILLA SÁNCHEZ","23515764-0","belen.ubilla5764@almaia.cl","beln.ubilla5764@almaia.cl","beln.ubilla5764@almaia.cl","beln.ubilla5764@almaia.cl",""
"1955","CAMBIAR","EMILIA TRINIDAD","OYARZÚN CÓRDOVA","24129055-7","emilia.oyarzun9055@almaia.cl","emilia.oyarzn9055@almaia.cl","emilia.oyarzn9055@almaia.cl","emilia.oyarzn9055@almaia.cl",""
"1956","CAMBIAR","SEBASTIÁN RODRIGO","BRIONES ARAYA","23521460-1","sebastian.briones1460@almaia.cl","sebastin.briones1460@almaia.cl","sebastin.briones1460@almaia.cl","sebastin.briones1460@almaia.cl",""
"1957","OK","MONSERRAT KATRINA ESTEFANÍA DOMINIC","CONTADOR COFRÉ","23970122-1","monserrat.contador0122@almaia.cl","monserrat.contador0122@almaia.cl","monserrat.contador0122@almaia.cl","monserrat.contador0122@almaia.cl",""
"1958","CAMBIAR","IGNACIO ANDRÉS","CHANDÍA LARA","24050760-9","ignacio.chandia0760@almaia.cl","ignacio.chanda0760@almaia.cl","ignacio.chanda0760@almaia.cl","ignacio.chanda0760@almaia.cl",""
"1959","CAMBIAR","IAÁN AARÓN","MATURANA VENEGAS","24057948-0","iaan.maturana7948@almaia.cl","ian.maturana7948@almaia.cl","ian.maturana7948@almaia.cl","ian.maturana7948@almaia.cl",""
"1960","CAMBIAR","JOAQUÍN ANDRÉS","SANTIBÁÑEZ ROMERO","24083464-2","joaquin.santibanez3464@almaia.cl","joaqun.santibez3464@almaia.cl","joaqun.santibez3464@almaia.cl","joaqun.santibez3464@almaia.cl",""
"1961","CAMBIAR","ALMENDRA IGNACIA","RAMÍREZ LIZAMA","24113442-3","almendra.ramirez3442@almaia.cl","almendra.ramrez3442@almaia.cl","almendra.ramrez3442@almaia.cl","almendra.ramrez3442@almaia.cl",""
"1962","OK","ANTONELLA FERNANDA","PONCE LAMBRECHT","24146264-1","antonella.ponce6264@almaia.cl","antonella.ponce6264@almaia.cl","antonella.ponce6264@almaia.cl","antonella.ponce6264@almaia.cl",""
"1963","OK","ANTONELLA PASCAL","MIRANDA ORTEGA","24151282-7","antonella.miranda1282@almaia.cl","antonella.miranda1282@almaia.cl","antonella.miranda1282@almaia.cl","antonella.miranda1282@almaia.cl",""
"1964","CAMBIAR","ALEXANDER ANDRES","ARGANDOÑA CONTRERAS","24216238-2","alexander.argandona6238@almaia.cl","alexander.argandoa6238@almaia.cl","alexander.argandoa6238@almaia.cl","alexander.argandoa6238@almaia.cl",""
"1965","OK","CRISTOPHER SIMÓN","BRIONES ARAYA","24315573-8","cristopher.briones5573@almaia.cl","cristopher.briones5573@almaia.cl","cristopher.briones5573@almaia.cl","cristopher.briones5573@almaia.cl",""
"1966","OK","MANUEL ANTONIO","PAINENAO CANIUMÁN","24203996-3","manuel.painenao3996@almaia.cl","manuel.painenao3996@almaia.cl","manuel.painenao3996@almaia.cl","manuel.painenao3996@almaia.cl",""
"1967","CAMBIAR","AMANDA IGNACIA","GARCÉS DURÁN","24102428-8","amanda.garces2428@almaia.cl","amanda.garcs2428@almaia.cl","amanda.garcs2428@almaia.cl","amanda.garcs2428@almaia.cl",""
"1968","CAMBIAR","BENJAMÍN IGNACIO","PINEDA PÉREZ","23982801-9","benjamin.pineda2801@almaia.cl","benjamn.pineda2801@almaia.cl","benjamn.pineda2801@almaia.cl","benjamn.pineda2801@almaia.cl",""
"1969","OK","IGNACIA JESÚS","ZAPATA PINTO","24179619-1","ignacia.zapata9619@almaia.cl","ignacia.zapata9619@almaia.cl","ignacia.zapata9619@almaia.cl","ignacia.zapata9619@almaia.cl",""
"1970","OK","VALERIA LUCIA","MATHEUS HERNANDEZ","26024379-9","valeria.matheus4379@almaia.cl","valeria.matheus4379@almaia.cl","valeria.matheus4379@almaia.cl","valeria.matheus4379@almaia.cl",""
"2001","OK","MATIAS EZEQUIEL","URDANETA MALDONADO","100.574.286-9","matias.urdaneta4286@almaia.cl","matias.urdaneta4286@almaia.cl","matias.urdaneta4286@almaia.cl","matias.urdaneta4286@almaia.cl",""
"2002","OK","BRUNO AUKAN","TAPIA PONCE","24.839.793-4","bruno.tapia9793@almaia.cl","bruno.tapia9793@almaia.cl","bruno.tapia9793@almaia.cl","bruno.tapia9793@almaia.cl",""
"2003","OK","AMANDA FRANCISCA","DONOSO PEÑALOZA","25.053.172-9","amanda.donoso3172@almaia.cl","amanda.donoso3172@almaia.cl","amanda.donoso3172@almaia.cl","amanda.donoso3172@almaia.cl",""
"2004","OK","TRINIDAD PASCAL","BAHAMONDES DÍAZ","25.194.447-4","trinidad.bahamondes4447@almaia.cl","trinidad.bahamondes4447@almaia.cl","trinidad.bahamondes4447@almaia.cl","trinidad.bahamondes4447@almaia.cl",""
"2005","CAMBIAR","JOSEFINA AMANDA","CALQUÍN PALMA","25.266.737-7","josefina.calquin6737@almaia.cl","josefina.calqun6737@almaia.cl","josefina.calqun6737@almaia.cl","josefina.calqun6737@almaia.cl",""
"2006","CAMBIAR","SEBASTIÁN VALDOVINOS","ZAMORA PINTO","24.836.891-8","sebastian.zamora6891@almaia.cl","sebastin.zamora6891@almaia.cl","sebastin.zamora6891@almaia.cl","sebastin.zamora6891@almaia.cl",""
"2007","OK","AGUSTINA IGNACIA","ARCE GONZÁLEZ","24.980.166-6","agustina.arce0166@almaia.cl","agustina.arce0166@almaia.cl","agustina.arce0166@almaia.cl","agustina.arce0166@almaia.cl",""
"2008","OK","TRINIDAD CONSUELO","PINO AEDO","25.027.382-7","trinidad.pino7382@almaia.cl","trinidad.pino7382@almaia.cl","trinidad.pino7382@almaia.cl","trinidad.pino7382@almaia.cl",""
"2009","OK","IGNACIA DOMINIC","ORTEGA SANTIBÁÑEZ","24.514.759-7","ignacia.ortega4759@almaia.cl","ignacia.ortega4759@almaia.cl","ignacia.ortega4759@almaia.cl","ignacia.ortega4759@almaia.cl",""
"2010","CAMBIAR","IAN MAXIMILIANO","SAGARDÍA UGALDE","24.913.383-3","ian.sagardia3383@almaia.cl","ian.sagarda3383@almaia.cl","ian.sagarda3383@almaia.cl","ian.sagarda3383@almaia.cl",""
"2011","OK","JULIETTA IGNACIA","VIDAL FARÍAS","24.920.673-3","julietta.vidal0673@almaia.cl","julietta.vidal0673@almaia.cl","julietta.vidal0673@almaia.cl","julietta.vidal0673@almaia.cl",""
"2012","CAMBIAR","MATÍAS DAMIAM","FERNÁNDEZ TORRES","24.475.889-4","matias.fernandez5889@almaia.cl","matas.fernndez5889@almaia.cl","matas.fernndez5889@almaia.cl","matas.fernndez5889@almaia.cl",""
"2013","OK","ISELAINE","SIMEON","28.467.187-2","iselaine.simeon7187@almaia.cl","iselaine.simeon7187@almaia.cl","iselaine.simeon7187@almaia.cl","iselaine.simeon7187@almaia.cl",""
"2014","CAMBIAR","MAITE ISIDORA","LÓPEZ RIVERA","24.347.261-K","maite.lopez7261@almaia.cl","maite.lpez7261@almaia.cl","maite.lpez7261@almaia.cl","maite.lpez7261@almaia.cl",""
"2015","CAMBIAR","JOSÉ ALONSO","OLGUÍN ARAYA","24.373.754-0","jose.olguin3754@almaia.cl","jos.olgun3754@almaia.cl","jos.olgun3754@almaia.cl","jos.olgun3754@almaia.cl",""
"2016","CAMBIAR","AGUSTÍN ALFONSO","VILCHES CLAVERÍA","24.466.459-8","agustin.vilches6459@almaia.cl","agustn.vilches6459@almaia.cl","agustn.vilches6459@almaia.cl","agustn.vilches6459@almaia.cl",""
"2017","CAMBIAR","ÁMBAR GISSELLE","VARGAS RAMÍREZ","24.157.745-7","ambar.vargas7745@almaia.cl","mbar.vargas7745@almaia.cl","mbar.vargas7745@almaia.cl","mbar.vargas7745@almaia.cl",""
"2018","OK","KATHERIN ALINNA","MARTELL MACEDO","100.754.817-2","katherin.martell4817@almaia.cl","katherin.martell4817@almaia.cl","katherin.martell4817@almaia.cl","katherin.martell4817@almaia.cl",""
"2019","OK","FRANSUA ANTONIA","VERGARA SALGADO","24100199-7","fransua.vergara0199@almaia.cl","fransua.vergara0199@almaia.cl","fransua.vergara0199@almaia.cl","fransua.vergara0199@almaia.cl",""
"2020","CAMBIAR","MARTINA IGNACIA","GONZÁLEZ MOLINA","24153760-9","martina.gonzalez3760@almaia.cl","martina.gonzlez3760@almaia.cl","martina.gonzlez3760@almaia.cl","martina.gonzlez3760@almaia.cl",""